,sna,tot,sbi,sarea,mday,ar,bemp,act
2,YouBike2.0_國北教大實小東側門,16,6,大安區,2023-05-30 00:49:13,和平東路二段96巷7號,8,1
3,YouBike2.0_和平公園東側,11,0,大安區,2023-05-29 23:32:04,和平東路二段118巷33號,11,1
4,YouBike2.0_辛亥復興路口西北側,16,2,大安區,2023-05-30 00:26:04,復興南路二段368號,14,1
5,YouBike2.0_復興南路二段280號前,11,2,大安區,2023-05-30 01:08:13,復興南路二段280號,9,1
6,YouBike2.0_復興南路二段340巷口,11,0,大安區,2023-05-29 23:41:04,復興南路二段342號,9,1
7,YouBike2.0_新生南路三段52號前,17,6,大安區,2023-05-29 23:50:18,新生南路三段52號,10,1
8,YouBike2.0_新生南路三段66號前,16,2,大安區,2023-05-30 00:04:13,新生南路三段66號東側,14,1
9,YouBike2.0_新生南路三段82號前,20,5,大安區,2023-05-30 01:06:14,新生南路三段82號,14,1
11,YouBike2.0_和平復興路口西北側,9,0,大安區,2023-05-30 00:30:12,復興南路二段236號,8,1
12,YouBike2.0_羅斯福路三段311號前,11,1,大安區,2023-05-30 00:49:04,羅斯福路三段311號,10,1
13,YouBike2.0_大安運動中心停車場,14,4,大安區,2023-05-30 00:30:22,敦南街76巷28號,10,1
14,YouBike2.0_羅斯福路三段245號前,8,0,大安區,2023-05-30 00:47:03,羅斯福路三段245號,8,1
15,YouBike2.0_溫州公園,5,4,大安區,2023-05-30 00:57:04,羅斯福路三段283巷11號,1,1
16,YouBike2.0_和平臥龍街口,15,3,大安區,2023-05-30 01:12:14,臥龍街1號,12,1
17,YouBike2.0_溫州停車場,5,4,大安區,2023-05-30 01:05:13,新生南路三段54巷/溫州街口,1,1
18,YouBike2.0_銘傳國小側門,7,0,大安區,2023-05-30 00:40:08,羅斯福路四段21號旁天橋下,7,1
19,YouBike2.0_捷運公館站(2號出口),99,1,大安區,2023-05-30 00:53:15,捷運公館站(2號出口)外側,98,1
20,YouBike2.0_第二學生活動中心,27,1,大安區,2023-05-30 00:52:14,羅斯福路四段107號(西南側),26,1
22,YouBike2.0_臺灣科技大學側門,99,0,大安區,2023-05-30 00:59:04,基隆路四段73巷與基隆路口,97,1
23,YouBike2.0_公館公園,15,2,大安區,2023-05-30 01:10:19,羅斯福路四段113巷基隆路四段41巷口,13,1
24,YouBike2.0_臺灣科技大學後門,39,4,大安區,2023-05-30 01:14:13,基隆路四段41巷68弄臺科帆船大樓旁,35,1
25,YouBike2.0_臺大醫學院附設癌醫中心,20,0,大安區,2023-05-30 01:03:04,基隆路三段155巷57號西側,20,1
26,YouBike2.0_臺大環研大樓,15,6,大安區,2023-05-30 00:31:15,芳蘭路/基隆路三段155巷口,9,1
27,YouBike2.0_臺大永齡生醫工程館,34,1,大安區,2023-05-29 23:51:14,芳蘭路51號西北側,33,1
31,YouBike2.0_臺大動物醫院前,18,0,大安區,2023-05-29 23:15:04,基隆路三段155巷/基隆路四段口,18,1
32,YouBike2.0_臺大土木研究大樓前,24,2,大安區,2023-05-29 23:24:13,辛亥路三段188號,21,1
33,YouBike2.0_臺大萬才館前,20,0,大安區,2023-05-29 18:43:04,臺大萬才館北側,20,1
34,YouBike2.0_臺大國青大樓宿舍前,20,0,大安區,2023-05-30 00:36:03,辛亥路三段30號西北側,20,1
35,YouBike2.0_臺大社科院圖書館前,27,1,大安區,2023-05-30 01:12:04,辛亥路與復興南路口西南側,26,1
36,YouBike2.0_臺大法人語言訓練中心前,28,0,大安區,2023-05-29 23:36:04,臺大法人語言訓練中心北側,28,1
37,YouBike2.0_臺大綜合體育館停車場前,25,0,大安區,2023-05-29 21:17:31,臺大綜合體育館北側,23,1
38,YouBike2.0_辛亥新生路口東南側,41,4,大安區,2023-05-30 00:56:13,辛亥新生路口東南側,36,1
39,YouBike2.0_基隆長興路口東側,15,2,大安區,2023-05-30 01:14:13,基隆長興路口東側,12,1
41,YouBike2.0_和平實小東北側,13,6,大安區,2023-05-30 00:26:13,敦南街73號,7,1
42,YouBike2.0_大安區健康服務中心,15,1,大安區,2023-05-29 23:59:04,辛亥路三段15號,14,1
43,YouBike2.0_辛亥泰順街口,20,5,大安區,2023-05-30 01:08:13,辛亥泰順街口東南側,11,1
53,YouBike2.0_和平金山路口,45,5,大安區,2023-05-30 01:07:16,和平東路一段/金山南路二段西南側,40,1
56,YouBike2.0_臺灣師範大學(圖書館),40,4,大安區,2023-05-30 00:54:14,和平東路一段129號前,33,1
57,YouBike2.0_捷運古亭站(6號出口),60,3,大安區,2023-05-30 01:14:13,羅斯福路二段41號前,57,1
58,YouBike2.0_捷運古亭站(5號出口),14,2,大安區,2023-05-30 00:40:19,和平東路一段19號前,11,1
63,YouBike2.0_捷運東門站(3號出口),15,0,大安區,2023-05-30 00:25:04,信義路二段128號前,15,1
67,YouBike2.0_敦化南路二段293巷口南側,14,1,大安區,2023-05-29 23:02:13,敦化南路二段293巷口南側,13,1
68,YouBike2.0_敦化基隆路口,29,6,大安區,2023-05-30 00:21:14,敦化南路二段218號,21,1
69,YouBike2.0_安和路二段181巷口,17,1,大安區,2023-05-30 01:13:13,安和路二段185號,16,1
73,YouBike2.0_新生南路一段119巷口,33,6,大安區,2023-05-30 00:51:14,新生南路一段113號,26,1
75,YouBike2.0_民榮公園,15,0,大安區,2023-04-20 07:22:04,建國南路一段304巷45號南側,15,0
77,YouBike2.0_建國濟南路口,29,3,大安區,2023-05-30 00:06:14,建國南路一段/濟南路三段口(東南側),26,1
78,YouBike2.0_捷運忠孝復興站(2號出口),43,1,大安區,2023-05-30 00:59:13,復興南路一段/仁愛路三段123巷13弄(西北側),40,1
79,YouBike2.0_捷運大安站(4號出口),13,1,大安區,2023-05-30 01:07:04,信義路4段6號(前),12,1
81,YouBike2.0_信義大安路口(信維大樓),12,3,大安區,2023-05-30 00:51:14,信義路四段74號(前),9,1
82,YouBike2.0_龍門廣場,50,0,大安區,2023-05-30 01:14:03,敦化南路一段與敦化南路一段236巷口,49,1
83,YouBike2.0_仁愛安和路口,25,4,大安區,2023-05-30 00:31:15,仁愛路四段258號前,21,1
84,YouBike2.0_信義敦化路口,46,3,大安區,2023-05-30 01:05:13,信義路四段155號前,42,1
85,YouBike2.0_仁愛國中,25,2,大安區,2023-05-29 23:21:15,安和路一段75號(對面),22,1
87,YouBike2.0_八德市場,30,1,大安區,2023-05-30 01:03:04,市民大道三段170號,28,1
90,YouBike2.0_信義延吉街口,15,2,大安區,2023-05-30 00:23:14,信義路四段353號,11,1
92,YouBike2.0_僑安地下停車場(2號出口)東南側,20,0,大安區,2023-05-29 23:24:03,光復南路290巷5號,18,1
94,YouBike2.0_捷運忠孝新生站(6號出口),15,0,大安區,2023-05-30 00:06:44,新生南路一段101號,15,1
95,YouBike2.0_捷運忠孝新生站(4號出口),34,0,大安區,2023-05-30 01:06:04,忠孝新生路口北側,33,1
96,YouBike2.0_大安高工,23,5,大安區,2023-05-30 00:30:22,復興南路二段52號(前),17,1
97,YouBike2.0_捷運忠孝新生站(3號出口),23,0,大安區,2023-05-30 00:03:04,忠孝東路三段與10巷口,23,1
98,YouBike2.0_瑠公公園,20,1,大安區,2023-05-30 01:13:04,忠孝東路四段49巷4弄/大安路口,19,1
99,YouBike2.0_敦化市民路口,23,0,大安區,2023-05-30 00:27:04,敦化南路1段158號(前),20,1
100,YouBike2.0_捷運大安森林公園站(5號出口),15,2,大安區,2023-05-30 01:08:13,捷運大安森林公園站(5號出口)東側,13,1
101,YouBike2.0_信義建國路口,38,6,大安區,2023-05-30 00:41:14,建國南路二段與信義路三段口西南側,31,1
104,YouBike2.0_捷運忠孝復興站(5號出口),41,0,大安區,2023-05-30 00:01:03,復興南路一段135巷3號(對面),41,1
105,YouBike2.0_捷運忠孝敦化站(2號出口),17,0,大安區,2023-05-30 00:58:03,忠孝東路四段221號,17,1
106,YouBike2.0_捷運忠孝敦化站(7號出口),18,1,大安區,2023-05-30 01:01:04,忠孝東路四段143號,16,1
109,YouBike2.0_捷運科技大樓站(台北教育大學),46,5,大安區,2023-05-30 00:46:14,和平東路二段134號前,41,1
111,YouBike2.0_仁愛醫院,30,0,大安區,2023-05-30 00:31:04,仁愛路四段/大安路一段口(西南側),30,1
112,YouBike2.0_捷運信義安和站(4號出口),30,2,大安區,2023-05-30 01:11:14,信義路四段252號前,27,1
114,YouBike2.0_仁愛延吉街口,25,4,大安區,2023-05-30 00:44:14,仁愛路四段376號前,21,1
115,YouBike2.0_捷運信義安和站(1號出口),33,1,大安區,2023-05-30 00:39:04,信義路四段225號前,31,1
116,YouBike2.0_敦化南路二段103巷口,24,1,大安區,2023-05-30 00:43:04,敦化南路二段99號前,23,1
118,YouBike2.0_和平東建國南路口,17,4,大安區,2023-05-30 00:49:14,和平東路/建國南路口(北側),12,1
119,YouBike2.0_芳蘭山莊,16,6,大安區,2023-05-29 22:46:15,基隆路三段155巷148號,10,1
120,YouBike2.0_復興南路一段126巷口,15,4,大安區,2023-05-30 00:42:13,復興南路一段126巷1號前,11,1
122,YouBike2.0_仁愛路四段48巷口,11,4,大安區,2023-05-30 00:37:13,仁愛路四段48巷/東豐街(北側),7,1
124,YouBike2.0_臺北科技大學(電機工程系),16,0,大安區,2023-05-30 01:13:13,忠孝東路三段100號對側,16,1
126,YouBike2.0_新生南路三段94巷口,15,3,大安區,2023-05-30 01:07:16,新生南路三段94號前,11,1
129,YouBike2.0_臥龍街195巷口,14,3,大安區,2023-05-30 01:04:13,臥龍街/臥龍街195巷(南側),10,1
130,YouBike2.0_辛亥路三段157巷口,19,3,大安區,2023-05-30 00:30:22,辛亥路三段與辛亥路三段157巷口西北側,16,1
133,YouBike2.0_大安運動中心,27,0,大安區,2023-05-29 20:32:04,辛亥路三段55號前方人行道(大安運動中心),26,1
134,YouBike2.0_和平敦化路口,25,2,大安區,2023-05-30 00:56:13,和平東路三段 / 敦化南路二段口(東側),22,1
135,YouBike2.0_基隆長興路口,43,0,大安區,2023-05-30 01:03:04,基隆路/長興街(東南側),43,1
136,YouBike2.0_仁愛路四段122巷口,16,1,大安區,2023-05-30 00:22:14,仁愛路四段118號前,15,1
137,YouBike2.0_市民敦化路口,15,1,大安區,2023-05-29 23:33:14,敦化南路一段111號前,14,1
138,YouBike2.0_忠孝東路四段49巷口,15,0,大安區,2023-05-30 00:23:04,忠孝東路四段55號前,14,1
139,YouBike2.0_市民復興路口(東南側),16,0,大安區,2023-05-30 00:59:04,市民大道四段/復興路一段口(東南側),16,1
142,YouBike2.0_信義路三段134巷口,19,6,大安區,2023-05-30 00:33:13,信義路三段/信義路三段134巷口,13,1
143,YouBike2.0_仁愛敦南圓環(東南側),16,1,大安區,2023-05-29 23:33:14,仁愛路四段110號前,12,1
145,YouBike2.0_外交部外交及國際事務學院,17,1,大安區,2023-05-30 00:41:04,敦化南路一段280號,16,1
146,YouBike2.0_四維路170巷口,22,1,大安區,2023-05-30 00:26:14,敦化南路二段92號對側中央分隔島,21,1
147,YouBike2.0_捷運大安站(3號出口),44,6,大安區,2023-05-30 01:11:14,信義路三段184號前,37,1
150,YouBike2.0_臺大資訊大樓,40,0,大安區,2023-05-29 22:01:04,辛亥路二段(臺大外語學院外),40,1
151,YouBike2.0_敦化南路二段81巷,40,5,大安區,2023-05-30 00:08:13,敦化南路二段與敦化南路二段81巷口西北側,34,1
153,YouBike2.0_捷運國父紀念館站(1號出口),25,1,大安區,2023-05-30 00:18:13,光復南路200巷26號東側,22,1
154,YouBike2.0_懷生國中,15,2,大安區,2023-05-30 00:51:14,忠孝東路三段248巷30號,12,1
156,YouBike2.0_立人國小,17,5,大安區,2023-05-29 23:41:14,安和路二段/敦化南路二段81巷(西南側),12,1
161,YouBike2.0_忠孝東路四段248巷口,15,0,大安區,2023-05-29 23:33:04,忠孝東路四段230號前,13,1
162,YouBike2.0_仁愛延吉路口(西北側),18,3,大安區,2023-05-30 00:11:13,仁愛路四段363號前,15,1
163,YouBike2.0_樂利路101巷口,13,4,大安區,2023-05-30 00:46:14,樂利路97號前,8,1
164,YouBike2.0_羅斯福浦城街口,15,6,大安區,2023-05-30 00:22:14,羅斯福路三段117號前,9,1
166,YouBike2.0_臺北市立圖書館大同分館,20,6,大同區,2023-05-30 01:06:14,重慶北路三段318號旁,14,1
173,YouBike2.0_捷運圓山站(1號出口),44,1,大同區,2023-05-30 00:49:14,酒泉街235號前,43,1
178,YouBike2.0_民權延平路口(西北側),20,2,大同區,2023-05-29 23:30:26,民權西路239號前方,17,1
182,YouBike2.0_大龍峒社會住宅,20,6,大同區,2023-05-30 00:06:14,承德路三段210號旁,14,1
185,YouBike2.0_捷運民權西路站(2號出口),25,0,大同區,2023-05-29 23:40:09,捷運民權西路站(2號出口)西側,25,1
186,YouBike2.0_捷運雙連站(2號出口),41,6,大同區,2023-05-30 00:58:13,萬全街22號對面,35,1
191,YouBike2.0_重慶涼州街口,13,4,大同區,2023-05-30 00:05:14,重慶北路二段180號旁,9,1
192,YouBike2.0_圓山線形公園,14,3,大同區,2023-05-30 01:06:14,玉門街/民族西路(西北側),11,1
195,YouBike2.0_承德路三段8巷口,16,6,大同區,2023-05-30 00:43:14,承德路三段14號前,10,1
196,YouBike2.0_太原廣場,31,2,大同區,2023-05-30 00:15:14,鄭州路23號(旁),29,1
198,YouBike2.0_聯合醫院中興院區,27,5,大同區,2023-05-30 00:27:13,長安西路299號(對面),22,1
202,YouBike2.0_重慶保安街口(家樂福重慶店),20,2,大同區,2023-05-30 01:05:13,重慶北路二段171號(旁),18,1
206,YouBike2.0_承德民權路口,17,0,大同區,2023-05-30 00:14:04,承德路二段239號前,17,1
208,YouBike2.0_承德民生西路口,11,1,大同區,2023-05-30 00:13:14,承德路二段137號前,10,1
210,YouBike2.0_臺北轉運站(華陰街),20,6,大同區,2023-05-30 01:14:13,華陰街45號(對面),14,1
211,YouBike2.0_捷運民權西路站(3號出口),50,1,大同區,2023-05-30 00:19:13,民權西路70巷37號對面,49,1
212,YouBike2.0_捷運中山站(5號出口),11,2,大同區,2023-05-30 01:10:19,南京西路57號前,9,1
216,YouBike2.0_捷運圓山站(2號出口),37,1,大同區,2023-05-30 00:21:14,承德路三段/庫倫街(東南側),36,1
218,YouBike2.0_承德鄭州路口(市民高架下),38,1,大同區,2023-05-30 01:13:13,承德路一段/鄭州路口(市民高架下),37,1
219,YouBike2.0_成淵高中,14,2,大同區,2023-05-29 23:44:13,錦西街與錦西街52巷口東北側,12,1
221,YouBike2.0_寧夏涼州街口,15,4,大同區,2023-05-29 23:38:14,寧夏路141號對側,11,1
229,YouBike2.0_中山天母路口,29,5,士林區,2023-05-30 01:07:17,天母西路3-55號前人行道,24,1
232,YouBike2.0_忠誠路二段53巷,18,1,士林區,2023-05-29 23:59:04,忠誠路2段53巷7號(對面),16,1
233,YouBike2.0_天母棒球場,26,3,士林區,2023-05-30 00:33:13,忠誠路二段122號(對面),23,1
237,YouBike2.0_劍潭海外青年活動中心,23,4,士林區,2023-05-30 01:02:13,中山北路4段/通河街口,19,1
238,YouBike2.0_忠誠路一段173巷口,11,3,士林區,2023-05-30 00:23:14,忠誠路一段177號(前),4,1
240,YouBike2.0_忠誠公園,14,5,士林區,2023-05-30 01:06:04,忠誠路一段18號(對面),9,1
244,YouBike2.0_前港公園(福德宮),18,5,士林區,2023-05-29 23:25:14,後港街134巷/後港街口,13,1
246,YouBike2.0_前港公園(前港街),19,6,士林區,2023-05-30 01:13:13,前港街48號(對面),13,1
247,YouBike2.0_百齡高中,15,5,士林區,2023-05-30 00:52:14,承德路四段179巷/承德路4段口,10,1
249,YouBike2.0_臺灣戲曲中心,14,5,士林區,2023-05-30 01:14:13,文林路751號(南側),9,1
250,YouBike2.0_捷運劍潭站(2號出口),79,5,士林區,2023-05-30 00:48:14,基河路18號(對面),74,1
251,YouBike2.0_劍潭基河路口,20,3,士林區,2023-05-30 00:46:04,劍潭路基河路口(捷運站橋下空間),17,1
254,YouBike2.0_中山中正路口,19,1,士林區,2023-05-29 23:16:14,中山北路五段609號(前),18,1
257,YouBike2.0_兒童新樂園,23,5,士林區,2023-05-29 22:19:13,承德路五段55號(旁公車亭),18,1
258,YouBike2.0_臺北市立天文館,31,6,士林區,2023-05-29 22:57:14,基河路363號(前),25,1
259,YouBike2.0_華聲公園,27,0,士林區,2023-02-03 10:09:04,華聲街17號(南側路側),27,0
260,YouBike2.0_福林公園,17,1,士林區,2023-05-29 22:42:04,福林路/中山北路五段(東北側),15,1
262,YouBike2.0_銘傳大學,30,0,士林區,2023-05-17 23:56:05,中山北路五段250號(銘傳大學對側),29,0
263,YouBike2.0_士林高商,26,6,士林區,2023-05-30 00:54:14,士商路150號(校門旁),20,1
265,YouBike2.0_聯合醫院陽明院區,15,3,士林區,2023-05-29 23:40:19,雨聲街105號(南側),12,1
266,YouBike2.0_捷運芝山站(1號出口),36,6,士林區,2023-05-30 01:01:15,福華路114號(對面),29,1
267,YouBike2.0_至誠公園,15,5,士林區,2023-05-30 00:30:22,至誠路一段80號(對面),10,1
268,YouBike2.0_原住民文化主題公園,21,5,士林區,2023-05-29 22:43:14,至善路二段280號(對面),16,1
270,YouBike2.0_梅林新村,15,2,士林區,2023-05-29 23:21:31,至善路一段/至善路一段138巷(北側),13,1
273,YouBike2.0_重慶北葫東街口,15,5,士林區,2023-05-30 01:09:13,重慶北路四段177號(前),10,1
277,YouBike2.0_社子國小,15,3,士林區,2023-05-29 23:02:14,社中街476號(對面),12,1
282,YouBike2.0_泰北高中,16,6,士林區,2023-05-30 00:47:13,福林路240號(前),10,1
284,YouBike2.0_重慶北路四段117號,18,6,士林區,2023-05-30 00:45:14,重慶北路四段117號(前),12,1
285,YouBike2.0_社子島島頭公園,15,5,士林區,2023-05-29 22:01:46,延平北路九段323號(後方堤外),10,1
286,YouBike2.0_延平北路八段133巷口,15,6,士林區,2023-05-29 21:52:14,延平北路八段133巷42號(對面),9,1
288,YouBike2.0_社子島濕地解說小築,15,4,士林區,2023-05-29 23:17:48,社子島濕地解說小築,11,1
289,YouBike2.0_福安國中,11,3,士林區,2023-05-29 21:25:14,延平北路七段250號(前),8,1
297,YouBike2.0_至善臨溪路口,22,6,士林區,2023-05-30 00:40:19,至善路一段/臨溪路(西南側),16,1
300,YouBike2.0_永平社會住宅,15,4,士林區,2023-05-29 22:45:14,環河北路三段261巷2號,11,1
302,YouBike2.0_通河街76巷/承德路四段10巷口,14,3,士林區,2023-05-29 23:35:05,承德路四段10巷37號(旁),5,1
303,YouBike2.0_芝山聖佑宮,15,5,士林區,2023-05-29 22:09:14,雨聲街90號旁,10,1
304,YouBike2.0_至誠雨聲街口,9,4,士林區,2023-05-30 01:10:19,至誠路二段與雨聲街口東北側,3,1
306,YouBike2.0_天母公園,12,4,士林區,2023-05-29 22:34:14,中山北路七段141巷30號對側,8,1
307,YouBike2.0_基河文林路口,16,6,士林區,2023-05-30 01:12:04,基河路3-1號對側人行道,10,1
312,YouBike2.0_德行東山路口,12,5,士林區,2023-05-29 23:54:16,德行東路/東山路(西北側),7,1
313,YouBike2.0_重慶北通河西街口,12,3,士林區,2023-05-29 23:01:15,重慶北路四段276號(前),9,1
315,YouBike2.0_社子市場,15,3,士林區,2023-05-30 00:02:14,延平北路六段67號旁,12,1
316,YouBike2.0_士林區農會社子分部,8,4,士林區,2023-05-29 21:48:14,社子街162號旁,4,1
318,YouBike2.0_文林路101巷口,7,3,士林區,2023-05-30 00:50:19,文林路100號前,4,1
319,YouBike2.0_延平北路五段257巷15弄口,13,6,士林區,2023-05-30 01:09:13,葫蘆街184號對側,7,1
322,YouBike2.0_中山福國路口,14,0,士林區,2023-05-29 11:56:14,中山北路五段837號前,14,0
323,YouBike2.0_德行公園,14,5,士林區,2023-05-30 01:03:04,德行西路33號對側,9,1
324,YouBike2.0_承德後港街口,11,6,士林區,2023-05-30 00:28:13,承德路四段/後港街口,5,1
325,YouBike2.0_中山北路五段698巷口,15,5,士林區,2023-05-30 00:34:13,中山北路五段692號前,10,1
327,YouBike2.0_捷運芝山站(2號出口)_1,62,0,士林區,2023-05-30 00:57:04,福華路/福華路162巷(東南側),61,1
328,YouBike2.0_銘傳大學(中山北路五段280巷口),23,3,士林區,2023-05-29 22:17:45,中山北路五段280巷口,20,1
331,YouBike2.0_劍潭郵局,16,5,士林區,2023-05-30 00:48:04,基河路/承德路四段77巷口(捷運橋下),11,1
332,YouBike2.0_士東路91巷口,16,4,士林區,2023-05-30 00:24:14,士東路91巷3號旁,4,1
333,YouBike2.0_美崙公園,13,6,士林區,2023-05-30 00:31:15,美崙街118號斜對面人行道,7,1
334,YouBike2.0_臺北市立大學(忠誠路二段207巷),17,3,士林區,2023-05-29 22:54:15,忠誠路二段207巷/士東路299巷口,14,1
336,YouBike2.0_美崙公園(東北側),15,6,士林區,2023-05-29 23:35:15,文林路587巷115號對側,9,1
341,YouBike2.0_捷運萬隆站(2號出口),12,1,文山區,2023-05-29 23:57:04,興隆路一段70巷/羅斯福路5段211巷26弄口,10,1
342,YouBike2.0_景仁公園,16,6,文山區,2023-05-30 00:23:14,羅斯福路六段142巷1號(旁),10,1
344,YouBike2.0_羅斯福景隆街口,20,5,文山區,2023-05-29 23:57:14,羅斯福路六段/景隆街口(東南側),15,1
353,YouBike2.0_仙跡岩登山口(景興路),22,3,文山區,2023-05-30 00:41:14,景興街239號(前),19,1
354,YouBike2.0_國立政治大學,35,0,文山區,2023-05-30 00:03:04,指南路二段153號(對面),35,1
355,YouBike2.0_捷運動物園站,18,0,文山區,2023-05-29 20:48:04,新光路二段30號(對面),17,1
356,YouBike2.0_捷運木柵站,31,0,文山區,2023-05-30 00:35:04,木柵路四段82巷18號前(捷運橋樑下),31,1
359,YouBike2.0_捷運辛亥站,29,0,文山區,2023-05-30 01:01:04,辛亥路四段114號(旁人行道),28,1
364,YouBike2.0_世新大學,30,3,文山區,2023-05-30 00:32:13,木柵路一段17巷1號(西側),27,1
365,YouBike2.0_一壽橋,16,3,文山區,2023-05-30 00:14:13,樟新街64號前方,13,1
369,YouBike2.0_景文中學,36,6,文山區,2023-05-29 23:25:14,保儀路/木柵路三段102巷口(西南側),30,1
370,YouBike2.0_老泉街籃球場,14,0,文山區,2023-05-29 23:24:04,老泉街26巷老泉街口(籃球場前),14,1
371,YouBike2.0_文山行政中心,18,3,文山區,2023-05-30 00:37:13,木柵路三段220號(前),15,1
372,YouBike2.0_木柵公園,25,4,文山區,2023-05-30 00:27:13,興隆路四段50號(前),21,1
375,YouBike2.0_樟腳里公園,15,4,文山區,2023-05-30 00:13:14,木新路二段299巷15號(旁),11,1
378,YouBike2.0_萊茵公園,14,2,文山區,2023-05-29 20:47:14,忠順街二段87巷25弄29號,12,1
379,YouBike2.0_木柵社會住宅,12,6,文山區,2023-05-29 23:32:14,久康街24巷46號對側,6,1
381,YouBike2.0_秀明路一段129巷口,22,5,文山區,2023-05-29 22:54:15,秀明路一段129巷與秀明路一段路口,17,1
384,YouBike2.0_捷運萬芳醫院站(興隆路三段115巷),20,1,文山區,2023-05-29 23:27:04,興隆路三段115巷2號,18,1
386,YouBike2.0_辛亥生態公園,18,1,文山區,2023-05-29 22:49:04,辛亥路四段199號,17,1
387,YouBike2.0_博嘉運動公園,12,3,文山區,2023-05-29 23:16:14,木柵路四段159巷16號,9,1
388,YouBike2.0_國立政治大學(萬壽路),56,0,文山區,2023-05-30 00:42:04,萬壽路16巷6號(前),53,1
392,YouBike2.0_移民署訓練中心,13,0,文山區,2023-05-29 22:38:04,興隆路三段306號,13,1
393,YouBike2.0_海巡署(南側),10,2,文山區,2023-05-30 01:05:13,興隆路三段211號對側(公車亭後),8,1
394,YouBike2.0_明道國小東南側,18,2,文山區,2023-05-29 21:01:15,興隆路四段109巷116號對側,16,1
395,YouBike2.0_木南公園,12,6,文山區,2023-05-30 01:09:13,木新路二段永安街22巷口,6,1
397,YouBike2.0_師範大學公館校區_1,25,5,文山區,2023-05-30 00:43:14,師大公館校區校門口(汀州路側),19,1
398,YouBike2.0_捷運動物園站(2號出口),39,0,文山區,2023-05-29 22:56:04,新光路二段28號前,38,1
399,YouBike2.0_政大水岸電梯,10,2,文山區,2023-05-29 22:59:14,政治大學水岸電梯旁,8,1
402,YouBike2.0_景美污水抽水站,15,3,文山區,2023-05-30 01:14:13,汀州路四段10號北側人行道,12,1
403,YouBike2.0_萬和三號公園(北側),13,6,文山區,2023-05-30 00:30:22,溪洲街107巷(公園北側),5,1
407,YouBike2.0_景行公園,15,1,文山區,2023-05-30 00:46:14,景中街與景中街30巷口,13,1
409,YouBike2.0_辛亥路四段77巷口,14,3,文山區,2023-05-29 22:46:15,辛亥路四段77巷口,11,1
411,YouBike2.0_木柵路三段48巷,15,4,文山區,2023-05-29 22:26:15,木柵路三段48巷1弄口,11,1
414,YouBike2.0_萬美萬安街口,16,0,文山區,2023-05-29 20:32:04,萬美街一段/萬安街口,16,1
416,YouBike2.0_新光秀明路口,15,6,文山區,2023-05-30 00:43:14,新光路一段145號前,9,1
417,YouBike2.0_臺北自來水事業處,20,0,中正區,2023-05-29 23:25:04,思源街1號東側,20,1
418,YouBike2.0_汀州思源街口東南側,20,2,中正區,2023-05-30 01:09:13,汀州路三段思源街口東南側,17,1
419,YouBike2.0_捷運公館站(1號出口),12,1,中正區,2023-05-30 00:57:04,羅斯福路四段68號,11,1
420,YouBike2.0_捷運公館站(4號出口),12,1,中正區,2023-05-30 01:12:04,羅斯福路四段48號,11,1
421,YouBike2.0_捷運古亭站(9號出口),20,0,中正區,2023-05-29 22:59:04,羅斯福路二段100號(前方),20,1
424,YouBike2.0_客家文化主題公園,15,5,中正區,2023-05-30 00:50:19,師大路/金門街11巷口對側人行道,10,1
431,YouBike2.0_捷運古亭站(8號出口),15,1,中正區,2023-05-30 00:37:04,和平西路一段13-1號前方,13,1
432,YouBike2.0_捷運古亭站(7號出口),12,3,中正區,2023-05-30 00:55:21,羅斯福路二段44號前方,9,1
435,YouBike2.0_孫立人將軍官邸,23,6,中正區,2023-05-30 01:01:15,南昌路一段136號前,17,1
436,YouBike2.0_羅斯福路二段6巷口,14,4,中正區,2023-05-29 23:04:14,羅斯福路二段/羅斯福路二段6巷口,10,1
438,YouBike2.0_捷運中正紀念堂站(3號出口),18,0,中正區,2023-05-30 00:14:04,金華街17號前方,18,1
439,YouBike2.0_捷運中正紀念堂站(4號出口),21,2,中正區,2023-05-30 00:53:15,羅斯福路一段5號前方,18,1
440,YouBike2.0_重慶南海路口西南側,16,6,中正區,2023-05-29 23:53:04,重慶南路二段與南海路口西南側,9,1
443,YouBike2.0_永昌公園,15,5,中正區,2023-05-29 23:59:13,詔安街224號前,9,1
446,YouBike2.0_南海和平路口西南側,19,5,中正區,2023-05-29 23:13:14,南海路與和平西路二段西南側,14,1
449,YouBike2.0_南門國中,29,3,中正區,2023-05-30 00:52:14,廣州街8巷/廣州街口東南側,24,1
450,YouBike2.0_捷運小南門站(2號出口),18,0,中正區,2023-05-29 23:07:04,愛國西路30號之2前方,17,1
451,YouBike2.0_介壽公園,23,6,中正區,2023-05-29 23:34:14,貴陽街懷寧街口(東北側),17,1
452,YouBike2.0_中華貴陽街口,20,1,中正區,2023-05-30 00:10:10,貴陽街一段243之1號(前),19,1
454,YouBike2.0_捷運善導寺站(1號出口),33,0,中正區,2023-05-29 22:41:04,忠孝東路一段7號,32,1
455,YouBike2.0_濟南紹興路口,39,3,中正區,2023-05-29 23:48:13,濟南紹興路口東南側,36,1
456,YouBike2.0_林森仁愛路口,13,0,中正區,2023-05-30 01:09:03,林森南路與仁愛路一段西北側,12,1
457,YouBike2.0_中正運動中心,30,0,中正區,2023-05-29 21:48:04,信義路一段1號前,29,1
458,YouBike2.0_信義杭州路口,47,5,中正區,2023-05-30 00:22:14,信義路一段21號前,41,1
459,YouBike2.0_捷運善導寺站(3號出口),20,0,中正區,2023-05-29 23:44:04,林森南路1號南側,20,1
460,YouBike2.0_捷運小南門站(1號出口),46,2,中正區,2023-05-29 23:48:13,愛國西路/延平南路(西北側),44,1
461,YouBike2.0_延平南路133巷口,17,3,中正區,2023-05-30 00:31:15,延平南路162號對側,14,1
462,YouBike2.0_捷運西門站(2號出口),36,0,中正區,2023-05-29 23:42:04,中華路一段59號旁,35,1
464,YouBike2.0_法務部,27,0,中正區,2023-05-29 21:45:05,重慶南路一段130號旁,27,1
465,YouBike2.0_臺北市立大學(博愛校區),59,3,中正區,2023-05-30 01:05:13,愛國西路1號(前),56,1
466,YouBike2.0_國家圖書館,36,0,中正區,2023-05-30 00:34:04,中山南路20號前,34,1
467,YouBike2.0_市民金山路口,30,3,中正區,2023-05-30 00:10:20,金山市民大道口南側,27,1
468,YouBike2.0_聯合醫院和平院區,32,1,中正區,2023-05-30 01:08:13,中華路二段33號旁,31,1
470,YouBike2.0_中華漢口街口,19,0,中正區,2023-05-30 00:12:04,中華路一段與漢口街一段路口,19,1
471,YouBike2.0_中華路一段21巷口,22,5,中正區,2023-05-30 00:55:21,中華路一段11號(斜前方),16,1
472,YouBike2.0_捷運臺大醫院站(4號出口),60,1,中正區,2023-05-30 01:01:15,常德街1號(公園路側),59,1
473,YouBike2.0_寶藏巖觀音亭,23,0,中正區,2023-05-30 00:29:04,汀州路三段230巷23號,23,1
475,YouBike2.0_中山徐州路口,16,0,中正區,2023-05-30 00:19:04,中山南路/徐州路(東南側),14,1
477,YouBike2.0_臺北轉運站,68,0,中正區,2023-05-30 00:51:04,市民大道一段/中山北路一段(西北側),68,1
479,YouBike2.0_捷運忠孝新生站(2號出口),32,1,中正區,2023-05-30 00:14:04,忠孝東路二段132號(東側),31,1
481,YouBike2.0_中山青島路口,30,2,中正區,2023-05-30 00:57:13,中山南路/青島東路口(東北側),27,1
482,YouBike2.0_捷運中正紀念堂站(5號出口),29,1,中正區,2023-05-30 01:04:13,捷運中正紀念堂站(5號出口)西側,28,1
483,YouBike2.0_北平東杭州北路口,20,3,中正區,2023-05-29 23:21:15,北平東路/杭州北路口(東北側),17,1
485,YouBike2.0_金山信義路口,25,4,中正區,2023-05-30 00:56:14,金山南路一段148號前側,20,1
486,YouBike2.0_林森徐州路口,16,3,中正區,2023-05-30 01:08:13,林森南路/徐州路口(西南側),12,1
488,YouBike2.0_捷運中正紀念堂站(6號出口),17,6,中正區,2023-05-29 22:46:15,捷運中正紀念堂站(6號出口)北側,10,1
489,YouBike2.0_捷運臺北車站(M2出口),20,0,中正區,2023-05-30 00:01:04,市民大道一段168號旁,20,1
490,YouBike2.0_臺北市國父史蹟館(逸仙公園),31,1,中正區,2023-05-30 00:06:44,中山北路一段46號北側,30,1
491,YouBike2.0_捷運西門站(5號出口),30,1,中正區,2023-05-30 00:54:14,捷運西門站(5號出口)南側,29,1
492,YouBike2.0_弘道國中,18,0,中正區,2023-05-29 23:06:04,公園路21號西北側,17,1
493,YouBike2.0_臺北市第一女子高級中學,17,0,中正區,2023-05-29 22:06:04,重慶南路一段165號旁,17,1
494,YouBike2.0_台北市替代役中心,15,5,中正區,2023-05-29 22:58:14,汀州路三段8號前,10,1
495,YouBike2.0_紹興徐州路口,18,6,中正區,2023-05-30 01:04:13,紹興南街/徐州路(東南側),12,1
496,YouBike2.0_羅斯福寧波東街口,20,4,中正區,2023-05-30 01:10:19,羅斯福路一段/寧波東街(東南側),16,1
497,YouBike2.0_自來水園區,30,0,中正區,2023-05-30 00:42:04,中正區思源街16號對面人行道,29,1
498,YouBike2.0_仁愛林森路口,20,0,中正區,2023-05-29 22:29:04,仁愛路一段路口/林森南路(東北側),20,1
499,YouBike2.0_捷運西門站(3號出口),36,1,中正區,2023-05-30 01:06:14,中華路一段/寶慶路(東南側),35,1
506,YouBike2.0_林森北平路口,20,2,中正區,2023-05-30 01:08:13,林森北路與北平東路口西北側,18,1
507,YouBike2.0_北平紹興路口,15,6,中正區,2023-05-29 22:30:34,北平東路30號對側人行道,9,1
508,YouBike2.0_天津北平路口,15,1,中正區,2023-05-29 21:27:14,天津街1號對側人行道,14,1
509,YouBike2.0_捷運忠孝新生站(1號出口),19,1,中正區,2023-05-30 00:12:13,捷運忠孝新生站(1號出口)後方,18,1
510,YouBike2.0_捷運忠孝新生站(5號出口),13,0,中正區,2023-05-29 23:01:04,新生南路一段56號前方,13,1
511,YouBike2.0_捷運臺大醫院站(1號出口),19,3,中正區,2023-05-30 00:24:14,公園路/常德街口(西側),15,1
512,YouBike2.0_臺大醫院兒童醫院,22,0,中正區,2023-05-30 01:07:04,中山南路8號(青島西路側),21,1
513,YouBike2.0_林森濟南路口(東北側),15,2,中正區,2023-05-30 01:06:14,林森南路/濟南路一段口(東北側),12,1
514,YouBike2.0_仁愛紹興街口(南側),17,2,中正區,2023-05-30 00:13:14,仁愛路一段/紹興南街口(南側),15,1
516,YouBike2.0_立法院台北會館,15,4,中正區,2023-05-29 23:02:14,博愛路217號旁,10,1
517,YouBike2.0_捷運善導寺站(3號出口)(忠孝東路側),17,5,中正區,2023-05-30 00:59:13,忠孝東路一段/林森南路口,12,1
519,YouBike2.0_忠孝西重慶南路口,33,5,中正區,2023-05-30 01:09:13,忠孝西路一段100號前,27,1
525,YouBike2.0_捷運中正紀念堂站(2號出口),12,3,中正區,2023-05-30 00:44:14,羅斯福路一段10號前,9,1
529,YouBike2.0_圓山風景區,15,2,中山區,2023-05-30 00:41:04,北安路/北安路77巷口(西北側),12,1
530,YouBike2.0_樂群二堤頂大道口,20,3,中山區,2023-05-29 22:41:14,堤頂大道二段382號(旁),16,1
531,YouBike2.0_劍潭社區,13,5,中山區,2023-05-29 20:05:16,通北街146巷2弄2號(對面公園),8,1
533,YouBike2.0_樂群二明水路口,20,5,中山區,2023-05-29 23:50:18,樂群二路/明水路口(東北側),15,1
536,YouBike2.0_樂群二敬業三路口,20,6,中山區,2023-05-30 00:15:14,敬業三路155號(前),14,1
539,YouBike2.0_復興市民路口,45,1,中山區,2023-05-30 01:05:04,復興南路一段36-9號前人行道,44,1
540,YouBike2.0_南京遼寧街口,34,3,中山區,2023-05-30 00:29:13,南京東路三段189號(對面),30,1
541,YouBike2.0_伊通長安路口,21,2,中山區,2023-05-30 01:01:15,伊通街/長安東路二段(西南側路側),18,1
544,YouBike2.0_南京新生路口,30,2,中山區,2023-05-30 01:13:13,新生北路一段/南京東路一段口(橋墩下方),27,1
545,YouBike2.0_一江公園,22,0,中山區,2023-05-29 23:35:05,一江街/松江路132巷口(西北側),22,1
546,YouBike2.0_松江公園,25,3,中山區,2023-05-30 00:59:13,松江路/松江路84巷(西北側路側),22,1
551,YouBike2.0_捷運中山國中站,62,6,中山區,2023-05-30 01:08:13,復興北路386號南側,54,1
552,YouBike2.0_龍江錦州街口,16,6,中山區,2023-05-30 00:36:13,龍江路287號前方,9,1
554,YouBike2.0_南京建國路口,42,0,中山區,2023-05-30 01:12:04,南京東路二段/建國北路二段(北側),41,1
555,YouBike2.0_捷運松江南京站(7號出口),75,5,中山區,2023-05-30 00:59:13,松江路119號前,70,1
556,YouBike2.0_朱崙商場,31,5,中山區,2023-05-30 00:43:14,龍江路15號前,25,1
557,YouBike2.0_中吉公園,15,1,中山區,2023-05-30 01:12:04,松江路170巷20號對側,13,1
559,YouBike2.0_建國北路一段17巷,45,5,中山區,2023-05-29 22:32:13,建國北路一段17巷/八德路二段137巷口,40,1
562,YouBike2.0_捷運中山國小站(2號出口),59,4,中山區,2023-05-30 00:58:13,捷運中山國小站(2號出口)後方,54,1
563,YouBike2.0_捷運行天宮站(3號出口),42,0,中山區,2023-05-30 01:08:04,松江路261號前,41,1
565,YouBike2.0_捷運中山國小站(4號出口),20,0,中山區,2023-05-29 23:51:04,民權東路一段/民權東路一段71巷口,20,1
569,YouBike2.0_臺北市立美術館,24,1,中山區,2023-05-30 00:17:47,花博公園5號出入口旁,23,1
570,YouBike2.0_中山民族路口,16,1,中山區,2023-05-30 00:51:14,中山北路三段54號前,13,1
571,YouBike2.0_新生高架停車場(林森北路107巷口),14,0,中山區,2023-05-30 01:03:04,新生北路一段與林森北路107巷口(新生高架橋下),12,1
572,YouBike2.0_南京林森路口(東南側),10,2,中山區,2023-05-30 01:10:19,南京東路一段86號前,7,1
573,YouBike2.0_仁德公園,18,0,中山區,2023-04-17 00:35:05,吉林路108巷與南京東路二段21巷口東南側,18,0
578,YouBike2.0_民權建國路口,34,3,中山區,2023-05-30 00:52:14,民權東路三段/建國北路三段口(東北側),31,1
582,YouBike2.0_民族松江路口,17,2,中山區,2023-05-29 23:26:14,民族東路與松江路口西北側,15,1
584,YouBike2.0_中山公民會館,20,4,中山區,2023-05-30 00:49:14,中山北路二段128巷口,16,1
586,YouBike2.0_捷運中山站(2號出口),33,2,中山區,2023-05-30 01:06:14,南京西路4號前,29,1
587,YouBike2.0_撫順公園,20,1,中山區,2023-05-30 00:29:13,中山北路三段2號對側,19,1
589,YouBike2.0_捷運行天宮站(1號出口),46,0,中山區,2023-05-30 01:13:13,松江路230號前,46,1
592,YouBike2.0_松江路77巷口,10,1,中山區,2023-05-29 22:13:14,松江路77巷口,9,1
593,YouBike2.0_建國長安路口,20,2,中山區,2023-05-30 00:09:13,建國北路一段與長安東路二段口北側,17,1
594,YouBike2.0_市民新生路口,15,5,中山區,2023-05-29 23:43:14,新生北路一段36號前,10,1
595,YouBike2.0_民權吉林路口,15,3,中山區,2023-05-30 00:53:15,民權東路二段51號前,12,1
597,YouBike2.0_捷運行政大樓,14,2,中山區,2023-05-30 00:41:14,中山北路二段48巷7號前,12,1
598,YouBike2.0_中吉公園(松江路188巷),22,0,中山區,2023-05-29 22:29:04,松江路188巷11號對側,22,1
600,YouBike2.0_中原民生路口,15,3,中山區,2023-05-30 00:56:14,民生東路二段33號旁,12,1
601,YouBike2.0_國立臺北大學(臺北校區),38,3,中山區,2023-05-30 00:56:14,民生東路三段67號前,35,1
603,YouBike2.0_中山北路二段59巷口,12,0,中山區,2023-05-29 23:42:04,中山北路二段59之3號前,10,1
605,YouBike2.0_新生錦州街口,20,0,中山區,2023-05-30 01:11:04,新生北路二段100號前,20,1
607,YouBike2.0_大佳社區公園,15,2,中山區,2023-05-29 22:09:14,濱江街154巷對側,13,1
609,YouBike2.0_興安合江路口,19,4,中山區,2023-05-30 00:29:13,興安街60號對側,14,1
611,YouBike2.0_台泥大樓,18,3,中山區,2023-05-30 00:46:14,中山北路二段113-133號前,14,1
612,YouBike2.0_植福樂群路口,10,0,中山區,2023-05-29 22:29:04,植福路/樂群三路(西北側),10,1
614,YouBike2.0_南京伊通街口,11,1,中山區,2023-05-30 01:01:04,南京東路二段178-1號,10,1
615,YouBike2.0_南京龍江路口,15,0,中山區,2023-05-30 00:48:04,南京東路三段121號前,15,1
616,YouBike2.0_撫順街41巷(崇德宮前),19,2,中山區,2023-05-29 23:19:13,撫順街41巷1-7號對側,16,1
617,YouBike2.0_臺北市立圖書館大直分館,20,5,中山區,2023-05-29 23:38:14,大直街28號對側,15,1
618,YouBike2.0_捷運大直站(1號出口),27,5,中山區,2023-05-29 23:51:15,北安路535之2號旁,20,1
620,YouBike2.0_中429公園,15,4,中山區,2023-05-29 22:27:14,敬業三路177巷南側,11,1
621,YouBike2.0_長春路137巷口,16,0,中山區,2023-05-29 23:30:16,民生東路二段134號前,16,1
622,YouBike2.0_松江民生路口,17,0,中山區,2023-05-29 23:01:04,松江路208號前,16,1
623,YouBike2.0_松江路132巷口,14,1,中山區,2023-05-30 00:50:19,吉林路100號對側,13,1
624,YouBike2.0_長春吉林路口,10,1,中山區,2023-05-30 00:43:14,長春路120號前,9,1
625,YouBike2.0_長春一江街口,11,0,中山區,2023-05-29 23:53:04,長春路135號前,11,1
626,YouBike2.0_捷運松江南京站(8號出口),20,3,中山區,2023-05-30 00:17:47,南京東路二段101號前,16,1
627,YouBike2.0_南京一江街口,10,1,中山區,2023-05-30 00:21:31,南京東路二段85號前,9,1
628,YouBike2.0_松江長春路口,16,0,中山區,2023-05-30 00:48:04,松江路158號前,16,1
629,YouBike2.0_經國七海文化園區,15,5,中山區,2023-05-30 00:47:04,北安路301號前,10,1
630,YouBike2.0_民族玉門街口,20,5,中山區,2023-05-30 00:45:14,民族西路口與玉門街口東北側,15,1
634,YouBike2.0_樂群二明水路口_1,20,4,中山區,2023-05-30 00:04:14,樂群二路 / 明水路口(東側),15,1
636,YouBike2.0_長春龍江路口,24,4,中山區,2023-05-30 00:01:14,長春路與龍江路口西北側,20,1
638,YouBike2.0_建國長春路口(北側),20,5,中山區,2023-05-30 00:11:13,建國北路/長春路口(北側),14,1
640,YouBike2.0_臺北市立美術館_1,18,5,中山區,2023-05-30 00:12:13,中山北路三段(花博流行館前),13,1
643,YouBike2.0_林森公園,25,3,中山區,2023-05-30 01:09:13,林森北路/南京東路一段,20,1
645,YouBike2.0_復華公園,20,3,中山區,2023-05-30 00:31:15,南京東路三段109巷/龍江路120巷,17,1
647,YouBike2.0_捷運南京復興站(1號出口),21,0,中山區,2023-05-29 23:04:04,捷運南京復興站(1號出口)後方(遼寧街155巷),18,1
648,YouBike2.0_八德市場(北側),16,1,中山區,2023-05-30 00:36:13,建國南路一段/市民大道交叉口(北側),15,1
649,YouBike2.0_龍江朱崙街口,14,2,中山區,2023-05-30 00:45:14,龍江路/朱崙街口西北側,12,1
652,YouBike2.0_民權建國路口(南側),15,2,中山區,2023-05-30 00:49:14,民權東路三段/建國北路二段(南側高架橋下),12,1
654,YouBike2.0_新生濱江街口(東南側),21,1,中山區,2023-05-30 00:06:04,新生北路三段/濱江街口(東南側),20,1
656,YouBike2.0_新生長春路口(東北側),19,6,中山區,2023-05-30 00:39:13,新生北路二段39-2號對側,12,1
657,YouBike2.0_捷運劍南路站(1號出口),17,1,中山區,2023-05-29 23:12:13,北安路811巷/821巷4弄口,16,1
658,YouBike2.0_敬業三樂群三路口(西北側),16,6,中山區,2023-05-30 00:10:10,敬業三路/樂群三路口,10,1
660,YouBike2.0_長寧大廈社區(南側),15,1,中山區,2023-05-30 00:45:04,遼寧街201巷13號前,14,1
662,YouBike2.0_中山北路二段62巷口,12,2,中山區,2023-05-30 00:48:04,中山北路二段66號前,9,1
663,YouBike2.0_市民安東街口,20,4,中山區,2023-05-30 00:58:13,市民大道三段179號前,16,1
664,YouBike2.0_市民大道二段5巷口,15,4,中山區,2023-05-29 23:41:14,市民大道二段/市民大道二段5巷,10,1
666,YouBike2.0_北勢湖環保公園,15,4,內湖區,2023-05-29 22:33:14,內湖路一段66-72號前方公園,11,1
668,YouBike2.0_西康公園,16,4,內湖區,2023-05-29 23:45:15,內湖路一段225巷口,12,1
670,YouBike2.0_文湖街81巷10號西側,14,5,內湖區,2023-05-30 01:09:03,文湖街81巷10號西側,5,1
672,YouBike2.0_麗山國小,15,5,內湖區,2023-05-30 00:26:14,內湖路一段411巷56號東側,10,1
674,YouBike2.0_港華五號公園,16,3,內湖區,2023-05-29 22:39:14,環山路二段81號西北側,13,1
678,YouBike2.0_瑞光計程車服務站,20,0,內湖區,2023-05-29 23:53:04,港墘路221巷2號,19,1
679,YouBike2.0_文德三號公園(江南街71巷16弄),15,6,內湖區,2023-05-30 00:11:13,瑞光路271號東南側,9,1
680,YouBike2.0_捷運大湖公園站(2號出口),28,2,內湖區,2023-05-30 00:45:14,成功路五段5號東側,25,1
681,YouBike2.0_康寧星雲街口,12,6,內湖區,2023-05-30 00:06:14,康寧路一段116號,6,1
682,YouBike2.0_星雲街47號,15,4,內湖區,2023-05-30 00:04:14,星雲街47號南側,11,1
683,YouBike2.0_捷運西湖站(1號出口),35,1,內湖區,2023-05-30 00:34:04,內湖路一段285巷15號(對面),33,1
684,YouBike2.0_捷運西湖站(2號出口),12,0,內湖區,2023-05-30 00:17:38,內湖路一段291號(對面),12,1
685,YouBike2.0_洲子二號公園,60,4,內湖區,2023-05-30 01:05:14,瑞光路500號(對面),55,1
688,YouBike2.0_成功金龍路口,23,4,內湖區,2023-05-30 00:46:14,成功路四段188號,19,1
692,YouBike2.0_陽光公園,16,5,內湖區,2023-05-29 23:12:13,陽光街與文德路220巷口西側,11,1
693,YouBike2.0_文德二號公園(南側),13,6,內湖區,2023-05-30 01:07:17,陽光街與陽光街68巷102弄口,7,1
694,YouBike2.0_文德二號公園(北側),15,2,內湖區,2023-05-30 01:09:13,文德路210巷12號對側,12,1
697,YouBike2.0_潭美街213號,12,5,內湖區,2023-05-29 22:22:14,潭美街213號南側,7,1
698,YouBike2.0_南京東路六段180號,21,6,內湖區,2023-05-29 23:31:15,南京東路六段180號北側,15,1
699,YouBike2.0_潭美國小(南京舊宗路口),16,3,內湖區,2023-05-30 01:13:13,行善路179號南側,13,1
702,YouBike2.0_內湖行政中心,25,3,內湖區,2023-05-29 22:36:15,民權東路六段99號(前),21,1
703,YouBike2.0_樂康公園,20,4,內湖區,2023-05-30 00:06:14,康樂街61巷73弄22-1號南側,16,1
704,YouBike2.0_安康路32巷24弄,21,1,內湖區,2023-05-29 23:43:04,安康路32巷24弄22號,20,1
705,YouBike2.0_明美公園,18,2,內湖區,2023-05-29 22:47:14,石潭路27號南側,16,1
708,YouBike2.0_民權瑞光路口,20,6,內湖區,2023-05-30 00:43:04,民權東路六段50號,14,1
709,YouBike2.0_瑞光公共住宅(瑞光路),18,5,內湖區,2023-05-30 00:24:14,瑞光路160號,13,1
710,YouBike2.0_民權東路六段15巷,17,4,內湖區,2023-05-30 00:49:04,民權東路六段15巷29號,13,1
711,YouBike2.0_扶輪親恩公園,17,3,內湖區,2023-05-30 00:36:13,民權東路六段30號,13,1
712,YouBike2.0_新湖三民善街口,15,6,內湖區,2023-05-30 01:09:04,新湖三路36號,8,1
715,YouBike2.0_三軍總醫院,14,5,內湖區,2023-05-29 23:56:14,成功路二段424號(對面),9,1
717,YouBike2.0_臺北市網球中心,16,2,內湖區,2023-05-29 22:49:14,民權東路六段208號(前),14,1
719,YouBike2.0_麗湖國小,18,0,內湖區,2023-05-30 00:51:04,金湖路363巷11號(對面),18,1
721,YouBike2.0_碧湖公園,15,6,內湖區,2023-05-30 00:42:13,內湖路二段/內湖路二段103巷口(東北側),9,1
724,YouBike2.0_內湖區農會,12,3,內湖區,2023-05-30 00:58:13,內湖路二段334號(前),9,1
725,YouBike2.0_捷運內湖站(2號出口),10,0,內湖區,2023-05-30 00:35:04,成功路四段167巷6弄2號(旁),9,1
726,YouBike2.0_康寧金湖路口,14,6,內湖區,2023-05-29 21:46:15,康寧路一段273號(對面),8,1
727,YouBike2.0_康寧路一段156巷20弄口,17,6,內湖區,2023-05-29 22:13:14,康寧路一段156巷/康寧路一段156巷20弄(西側),11,1
728,YouBike2.0_安康公園,19,1,內湖區,2023-05-30 00:01:14,五分街14巷31號(對面),18,1
730,YouBike2.0_內溝溪生態展示館,8,4,內湖區,2023-05-29 19:29:04,康樂街236-3號(前),4,1
733,YouBike2.0_石潭公園(安康路),20,1,內湖區,2023-05-29 23:48:14,安康路28號西北側,19,1
735,YouBike2.0_康寧公園(北側),20,4,內湖區,2023-05-30 01:13:13,康寧路三段60號南側,16,1
736,YouBike2.0_康寧路三段54巷口,15,5,內湖區,2023-05-30 01:11:04,康寧路三段54-5號西側,9,1
737,YouBike2.0_行善路25巷口,21,3,內湖區,2023-05-29 22:15:14,行善路39號(前),18,1
741,YouBike2.0_東湖國小,22,2,內湖區,2023-05-30 00:51:14,東湖路與東湖路113巷口東側,18,1
742,YouBike2.0_捷運內湖站(1號出口),28,2,內湖區,2023-05-30 00:03:14,成功路四段182巷/成功路四段口(西側),26,1
743,YouBike2.0_瑞光港墘路口,15,1,內湖區,2023-05-29 23:47:13,港墘路185號前,13,1
744,YouBike2.0_瑞湖陽光街口,25,2,內湖區,2023-05-29 23:34:14,瑞湖街101號對側,22,1
746,YouBike2.0_星雲街138巷1弄口,15,5,內湖區,2023-05-30 00:36:13,星雲街138巷18號,6,1
747,YouBike2.0_東湖一號公園,10,6,內湖區,2023-05-29 20:58:14,康寧路三段189巷163弄13號東南側,4,1
749,YouBike2.0_康湖二號公園(康寧醫院),16,2,內湖區,2023-05-29 23:11:14,成功路五段420巷17號東側,14,1
750,YouBike2.0_堤頂大道新湖一路口,13,0,內湖區,2023-05-29 20:12:04,堤頂大道一段215號前,12,1
751,YouBike2.0_下灣公園(成功路),16,4,內湖區,2023-05-30 00:17:47,成功路二段189號北側,12,1
752,YouBike2.0_舊宗行善路口,9,0,內湖區,2023-05-29 22:09:04,行善路179號西側,9,1
753,YouBike2.0_新湖二路250巷口,20,1,內湖區,2023-05-30 01:10:19,新湖二路/新湖二路250巷(西南側),19,1
754,YouBike2.0_成功路四段41巷口,12,2,內湖區,2023-05-30 00:33:13,成功路四段41巷6號前側,10,1
755,YouBike2.0_金湖星雲街口,30,2,內湖區,2023-05-29 22:03:14,金湖路83號對側,28,1
756,YouBike2.0_國防醫學院,15,4,內湖區,2023-05-30 01:09:04,民權東路六段161號前側,11,1
758,YouBike2.0_內湖運動中心,21,3,內湖區,2023-05-30 01:05:14,洲子街12號前,18,1
760,YouBike2.0_內湖路二段179巷口,16,6,內湖區,2023-05-29 23:01:40,內湖路二段179巷242號對側,9,1
761,YouBike2.0_行善行愛路口,12,0,內湖區,2023-05-29 20:37:04,行善路243號(前),12,1
762,YouBike2.0_民善新湖二路口(家樂福內湖店),23,6,內湖區,2023-05-29 23:08:14,民善街88號(旁),16,1
763,YouBike2.0_統振大樓,25,4,內湖區,2023-05-29 23:01:15,安美街181號前,21,1
767,YouBike2.0_三民國中(民權東路六段47巷),13,5,內湖區,2023-05-29 21:27:14,民權東路六段47巷6號對側,8,1
768,YouBike2.0_瑞光路76巷口,12,0,內湖區,2023-05-29 17:46:04,瑞光路102號前,12,1
769,YouBike2.0_捷運東湖站,28,2,內湖區,2023-05-30 01:08:13,安康路315巷/五分街14巷(西側),26,1
770,YouBike2.0_新湖國小,12,3,內湖區,2023-05-29 23:41:04,民權東路六段/成功路二段320巷31弄(東南側),8,1
772,YouBike2.0_民權東路六段413巷,16,2,內湖區,2023-05-29 21:40:20,民權東路六段409號前,14,1
773,YouBike2.0_宏匯瑞光廣場(瑞光路),16,1,內湖區,2023-05-30 00:05:14,瑞光路353號前(瑞光路側人行道),15,1
774,YouBike2.0_宏匯瑞光廣場(港墘路),20,3,內湖區,2023-05-30 00:08:13,瑞光路355號前(港墘路側人行道),17,1
775,YouBike2.0_康樂街151巷,14,4,內湖區,2023-05-30 01:13:13,康樂街151巷/康樂街,9,1
776,YouBike2.0_內湖路一段360巷,15,2,內湖區,2023-05-29 23:54:16,內湖路一段358號,13,1
777,YouBike2.0_成功路三段83號前,11,4,內湖區,2023-05-29 23:46:14,成功路三段83號前,7,1
778,YouBike2.0_內湖路一段47巷,16,6,內湖區,2023-05-29 23:14:14,內湖路一段47巷/內湖路一段47巷22弄,9,1
779,YouBike2.0_陽光舊宗路口,20,0,內湖區,2023-05-29 19:37:04,陽光街/舊宗路二段,19,1
780,YouBike2.0_安湖公園,8,4,內湖區,2023-05-29 22:50:20,東湖路113巷95弄/康寧路三段75巷,4,1
782,YouBike2.0_安泰街(康樂橋下),15,6,內湖區,2023-05-29 21:25:15,安泰街(康樂橋下),9,1
784,YouBike2.0_捷運港墘站(1號出口),23,5,內湖區,2023-05-30 00:42:13,內湖路一段663號前,18,1
785,YouBike2.0_明美公園(行善路333巷),16,6,內湖區,2023-05-29 23:15:15,行善路333巷92號前,10,1
786,YouBike2.0_行善路383巷,17,0,內湖區,2023-05-29 20:13:05,行善路383巷27號對側,17,1
787,YouBike2.0_舊宗新湖三路口,18,2,內湖區,2023-05-29 23:34:14,舊宗路一段/新湖三路(南側),16,1
788,YouBike2.0_內湖運動公園,17,2,內湖區,2023-05-30 00:38:04,舊宗路二段/民權東路六段11巷,15,1
790,YouBike2.0_成功公園,11,1,內湖區,2023-05-29 21:08:04,成功路四段223巷/成功路四段223巷6弄,10,1
792,YouBike2.0_中國醫藥大學附設醫院臺北分院,13,0,內湖區,2023-05-29 23:16:04,內湖路二段368號對側,11,1
796,YouBike2.0_臺北花市,20,2,內湖區,2023-05-29 22:59:14,新湖三路28號前人行道,18,1
797,YouBike2.0_行善社會住宅,23,0,內湖區,2023-05-30 01:11:04,行愛路與新湖一路口西南側,23,1
798,YouBike2.0_康寧路三段99巷17弄口,15,0,內湖區,2023-05-29 20:44:04,康寧路三段99巷19號對側,15,1
799,YouBike2.0_堤頂大道二段407巷口,15,0,內湖區,2023-05-29 18:13:04,堤頂大道二段405號前,15,1
800,YouBike2.0_海德堡科技大樓,12,3,內湖區,2023-05-29 21:42:14,堤頂大道二段473號前,8,1
801,YouBike2.0_致伸科技大樓,17,2,內湖區,2023-05-30 00:35:04,瑞光路669號旁,15,1
802,YouBike2.0_內湖路一段288巷口,20,0,內湖區,2023-05-29 21:46:04,內湖路一段290號前,20,1
803,YouBike2.0_大都會客運內湖站,15,0,內湖區,2023-05-29 19:17:28,民權東路六段11巷25號對側,15,1
804,YouBike2.0_瑞湖公園,15,0,內湖區,2023-05-29 19:19:04,民權東路六段15巷/民權東路六段19巷,15,1
805,YouBike2.0_台灣世曦大樓,16,0,內湖區,2023-05-29 23:34:04,陽光街323號,15,1
806,YouBike2.0_遠雄時代總部,14,3,內湖區,2023-05-30 00:53:04,瑞光路423號,11,1
807,YouBike2.0_瑞光路358巷口,14,0,內湖區,2023-05-29 19:16:04,瑞光路/瑞光路358巷,14,1
808,YouBike2.0_大港墘公園(洲子街),18,0,內湖區,2023-05-29 22:03:04,洲子街/瑞光路393巷,18,1
809,YouBike2.0_世紀經貿,16,4,內湖區,2023-05-29 22:15:14,內湖路一段396號,12,1
811,YouBike2.0_新湖三行忠路72巷口,15,0,內湖區,2023-05-29 21:26:04,新湖三路/行忠路72巷,14,1
812,YouBike2.0_新湖三新湖二146巷口,15,1,內湖區,2023-05-29 20:04:18,新湖三路122、124號對側,14,1
813,YouBike2.0_舊宗新湖二路口,17,3,內湖區,2023-05-30 00:37:04,舊宗路一段/新湖二路(南側),14,1
814,YouBike2.0_新光基湖大樓,19,1,內湖區,2023-05-29 22:34:04,基湖路12號,18,1
815,YouBike2.0_內湖路一段120巷15弄,19,4,內湖區,2023-05-30 01:13:04,內湖路一段120巷15弄8號對側,15,1
816,YouBike2.0_北勢湖環保公園(堤頂大道側),14,0,內湖區,2023-05-29 21:37:04,堤頂大道二段501號前,14,1
817,YouBike2.0_達爾文大樓,15,0,內湖區,2023-05-29 18:15:05,洲子街61號,15,1
826,YouBike2.0_關渡醫院,14,6,北投區,2023-05-30 00:25:14,知行路235巷7號(對面),8,1
827,YouBike2.0_捷運忠義站(1號出口),17,6,北投區,2023-05-29 22:47:14,中央北路四段262號(對面),11,1
829,YouBike2.0_捷運關渡站(2號出口),14,0,北投區,2023-05-29 21:13:04,捷運關渡站2號出口外人行道,14,1
831,YouBike2.0_大度立德路口,18,0,北投區,2023-05-29 20:33:04,大度路三段立德路口(西北側),18,1
839,YouBike2.0_捷運新北投站,42,6,北投區,2023-05-30 01:12:14,中和街10號(對面),36,1
840,YouBike2.0_捷運北投站,30,2,北投區,2023-05-30 00:42:13,光明路2巷3號(對面),28,1
842,YouBike2.0_八仙里辦公處,16,5,北投區,2023-05-29 23:07:13,北投路一段臨20號(旁),10,1
846,YouBike2.0_北投奇岩長青樂活大樓,15,6,北投區,2023-05-29 23:59:13,三合街一段119號(前),8,1
851,YouBike2.0_台北護理大學,28,6,北投區,2023-05-30 00:21:15,石牌路二段100號(前),22,1
855,YouBike2.0_振興公園,13,3,北投區,2023-05-30 00:52:14,天母西路109號(對面),10,1
857,YouBike2.0_承德路七段280巷口,17,5,北投區,2023-05-29 23:36:15,承德路七段260號(前),12,1
859,YouBike2.0_榮富公園,13,5,北投區,2023-05-29 23:13:14,榮華三路2號(旁),8,1
860,YouBike2.0_中正高中,31,6,北投區,2023-05-29 21:35:14,文林北路77號(前),19,1
861,YouBike2.0_立功立德路口,32,3,北投區,2023-05-30 01:11:14,立德路15號(前),28,1
862,YouBike2.0_中央北路四段30巷口,16,5,北投區,2023-05-30 00:10:20,中央北路四段32號(旁),11,1
863,YouBike2.0_陽明交大圖書館,37,1,北投區,2023-05-30 00:35:04,陽明交大圖書館後方機車停車場,36,1
864,YouBike2.0_捷運新北投站(2號出口),11,6,北投區,2023-05-30 00:05:14,光明路225號(對面),4,1
872,YouBike2.0_洲美蜆仔港公園,20,1,北投區,2023-05-29 20:17:41,洲美蜆仔港公園西南側(福美路側),19,1
876,YouBike2.0_新奇岩社會住宅,12,4,北投區,2023-05-30 00:01:14,磺港路269-271號(旁),5,1
877,YouBike2.0_泉源公園,15,6,北投區,2023-05-29 19:44:15,珠海路145號(對側公園),9,1
879,YouBike2.0_臺北健康護理大學(教研大樓),15,2,北投區,2023-05-30 01:08:13,石牌路二段185號對側,13,1
885,YouBike2.0_和信治癌中心醫院,18,3,北投區,2023-05-29 23:51:15,立德路125號,15,1
886,YouBike2.0_致遠新村,15,2,北投區,2023-05-29 21:40:20,秀山路26號(懷遠新村社區入口南側),13,1
887,YouBike2.0_北投公園露天溫泉,15,5,北投區,2023-05-29 23:08:14,中山路6號西側(北投溪木道西側),10,1
889,YouBike2.0_捷運北投站(1號出口),50,2,北投區,2023-05-30 00:29:13,光明路2巷/光明路交叉口,47,1
890,YouBike2.0_石牌立農街口,29,4,北投區,2023-05-30 00:32:14,石牌路二段/立農街二段口,25,1
894,YouBike2.0_福國承德路口,15,2,北投區,2023-05-29 20:24:14,承德路六段80號南側,12,1
895,YouBike2.0_捷運北投站(1號出口)(北投路側),31,1,北投區,2023-05-30 00:27:13,捷運北投站(1號出口)(北投路側),30,1
896,YouBike2.0_華固創富中心,15,6,北投區,2023-05-29 21:01:15,承德路六段120號(北側地下室車道旁),9,1
899,YouBike2.0_捷運松山站(4號出口),19,1,松山區,2023-05-29 23:33:14,八德路四段742號,18,1
902,YouBike2.0_中崙高中,50,6,松山區,2023-05-30 00:27:13,八德路四段91巷9號(對面),44,1
903,YouBike2.0_捷運南京三民站(2號出口),19,3,松山區,2023-05-30 01:08:13,南京東路五段156號(前),16,1
906,YouBike2.0_捷運南京三民站(4號出口),13,1,松山區,2023-05-30 00:39:13,南京東路五段229號(前),12,1
912,YouBike2.0_松基公園,20,2,松山區,2023-05-30 00:49:14,長春路432號(對面),18,1
913,YouBike2.0_三民路166巷口,12,2,松山區,2023-05-30 00:10:20,三民路166巷1號(對面),10,1
915,YouBike2.0_捷運小巨蛋站(2號出口),26,5,松山區,2023-05-30 00:45:14,南京東路四段6號(前),21,1
916,YouBike2.0_臺北市藝文推廣處,45,1,松山區,2023-05-30 00:16:14,八德路三段25號(前),43,1
918,YouBike2.0_敦北公園,48,4,松山區,2023-05-30 00:11:13,敦化北路/富錦街77巷口(東南側),44,1
921,YouBike2.0_民生光復路口,31,2,松山區,2023-05-30 00:27:13,光復北路266號(前),27,1
924,YouBike2.0_八德路三段8巷口,15,3,松山區,2023-05-30 00:46:14,市民大道四段123號,12,1
926,YouBike2.0_平安新城,16,4,松山區,2023-05-30 00:26:14,延壽街356巷/延壽街330巷16弄(東北側),12,1
927,YouBike2.0_健康社會住宅,20,5,松山區,2023-05-30 00:18:13,健康路305號(前),13,1
928,YouBike2.0_民權光復路口(東北側),24,2,松山區,2023-05-29 23:28:14,民權東路四段/光復北路(東北側),22,1
929,YouBike2.0_市民東興路口,25,3,松山區,2023-05-30 00:56:14,東興路33號南側,22,1
930,YouBike2.0_光復南路22巷口,29,2,松山區,2023-05-30 01:01:31,光復南路19號西側,26,1
932,YouBike2.0_松山新城,14,2,松山區,2023-05-30 01:10:19,健康路78號(對面),12,1
933,YouBike2.0_內政部營建署,33,3,松山區,2023-05-30 01:08:13,八德路二段342號(前),30,1
934,YouBike2.0_南京光復路口,31,3,松山區,2023-05-30 00:43:14,南京東路四段186號前,27,1
938,YouBike2.0_復盛公園,20,6,松山區,2023-05-30 01:08:13,八德路四段106巷/八德路四段106巷6弄口(東側),14,1
940,YouBike2.0_捷運南京復興站(7號出口),15,0,松山區,2023-05-29 23:29:04,慶城街1號(東南側),15,1
943,YouBike2.0_臺北田徑場,42,0,松山區,2023-05-29 22:30:23,敦化北路/八德路三段(東北側),42,1
944,YouBike2.0_捷運小巨蛋站(5號出口),22,1,松山區,2023-05-30 01:05:04,南京東路四段75-1號前,21,1
945,YouBike2.0_敦化長春路口,34,0,松山區,2023-05-30 00:59:04,敦化北路112號前,34,1
946,YouBike2.0_饒河疏散門(基四號疏散門),19,2,松山區,2023-05-30 00:38:13,松河街182號對側,17,1
947,YouBike2.0_捷運松山站(2號出口),14,1,松山區,2023-05-30 00:44:04,八德路四段685號前,13,1
948,YouBike2.0_民權東路三段106巷口,22,1,松山區,2023-05-29 23:45:04,民權東路三段102號前,19,1
953,YouBike2.0_長壽公園,15,3,松山區,2023-05-30 01:09:13,健康路174號(旁),12,1
954,YouBike2.0_復源公園,14,6,松山區,2023-05-30 00:23:14,八德路三段106巷62號(對面),7,1
955,YouBike2.0_南京東路四段179巷口,13,0,松山區,2023-05-29 23:46:04,南京東路四段163號(前),13,1
956,YouBike2.0_臺北田徑場(北寧路側),24,0,松山區,2023-05-29 23:03:04,八德路三段25號前,24,1
958,YouBike2.0_南京東興路口,20,6,松山區,2023-05-30 00:55:21,南京東路五段 / 東興路口(北側),14,1
959,YouBike2.0_捷運松山站(3號出口),48,5,松山區,2023-05-30 00:59:13,松山路/市民大道六段(西北側捷運3號出口),43,1
960,YouBike2.0_介壽國中,12,4,松山區,2023-05-30 00:49:14,民生東路五段36巷/光復北路165巷,8,1
961,YouBike2.0_敦化南京路口(東北側),14,1,松山區,2023-05-30 00:03:14,敦化北路/南京東路四段,12,1
962,YouBike2.0_敦化八德路口,20,2,松山區,2023-05-30 00:50:19,敦化南路一段/八德路二段(西南側),18,1
965,YouBike2.0_長春慶城街口,16,0,松山區,2023-05-30 01:06:04,長春路431號前,16,1
966,YouBike2.0_八德路四段652巷口,20,6,松山區,2023-05-30 00:08:14,八德路四段650號南側,14,1
967,YouBike2.0_捷運松山站(1號出口),15,0,松山區,2023-05-30 00:30:12,八德路四段711號前,13,1
968,YouBike2.0_捷運小巨蛋站(3號出口),15,0,松山區,2023-05-30 00:25:04,南京東路四段12號前,15,1
969,YouBike2.0_捷運小巨蛋站(5號出口)_1,20,0,松山區,2023-05-29 23:06:04,南京東路四段/健康路(西北側),20,1
970,YouBike2.0_敦化北路155巷口,30,4,松山區,2023-05-29 23:29:13,敦化北路151號前分隔島,25,1
976,YouBike2.0_五常街370巷,11,5,松山區,2023-05-30 00:11:13,五常街370巷8號,6,1
981,YouBike2.0_捷運後山埤站(1號出口),53,0,南港區,2023-05-30 00:10:10,中坡北路7號東側,53,1
983,YouBike2.0_合心廣場,38,2,南港區,2023-05-30 00:30:22,忠孝東路六段17號東北側,36,1
986,YouBike2.0_研究院舊莊街口,30,0,南港區,2023-05-30 00:23:04,舊莊街一段1號西側,30,1
987,YouBike2.0_中研院綜合體育館東側,30,0,南港區,2023-05-29 22:14:04,研究院路二段128號(體育館),30,1
988,YouBike2.0_國家生技園區,30,0,南港區,2023-05-29 20:15:05,研究院路一段130巷99號(國家生技園區),29,1
994,YouBike2.0_市民大道八段532號,15,5,南港區,2023-05-29 23:26:14,市民大道八段532號北側,10,1
995,YouBike2.0_捷運南港軟體園區(2號出口),34,2,南港區,2023-05-30 01:14:13,經貿二路183號(2號出口),32,1
1000,YouBike2.0_向陽南港路口,21,3,南港區,2023-05-30 00:01:15,向陽路49號北側,18,1
1001,YouBike2.0_南港車站(忠孝東路七段415巷),11,2,南港區,2023-05-30 00:09:13,忠孝東路七段510號西北側,9,1
1002,YouBike2.0_捷運南港站(2號出口),14,1,南港區,2023-05-29 22:21:32,忠孝東路七段380號(2號出口),13,1
1003,YouBike2.0_捷運南港站(1號出口),20,0,南港區,2023-05-29 22:16:04,忠孝東路七段380號(1號出口),20,1
1008,YouBike2.0_臺北流行音樂中心(南港路),21,5,南港區,2023-05-30 01:06:14,南港路二段200-1號南側,16,1
1010,YouBike2.0_臺北流行音樂中心(市民大道),21,2,南港區,2023-05-29 20:08:14,市民大道八段99號,19,1
1011,YouBike2.0_南港車站(市民大道),30,6,南港區,2023-05-29 23:42:14,南港路一段313號(市民大道),24,1
1013,YouBike2.0_南港軟體園區(新民街),19,1,南港區,2023-05-29 23:03:04,新民街15號北側,17,1
1014,YouBike2.0_世貿公園,35,1,南港區,2023-05-30 00:30:22,經貿二路188-1號,32,1
1016,YouBike2.0_新新公園(昆陽街60巷),20,1,南港區,2023-05-29 23:48:04,南港路三段47巷8號南側,19,1
1020,YouBike2.0_南港東新街口,28,6,南港區,2023-05-29 23:40:19,東新街4號東側,22,1
1021,YouBike2.0_八德中坡路口,26,4,南港區,2023-05-30 00:37:13,八德路四段873號,22,1
1022,YouBike2.0_捷運後山埤站(3號出口),12,0,南港區,2023-05-15 07:23:15,玉成街150號,12,0
1023,YouBike2.0_玉成公園運動中心,15,5,南港區,2023-05-29 23:54:16,中坡南路19號,9,1
1027,YouBike2.0_南港車站B棟(市民大道),16,1,南港區,2023-05-29 23:08:04,忠孝東路七段359號(市民大道),15,1
1028,YouBike2.0_胡適公園,20,6,南港區,2023-05-30 01:01:15,研究院路二段/研究院路二段132巷北側,14,1
1030,YouBike2.0_經貿公園,20,1,南港區,2023-05-29 23:52:04,經園街58號北側,19,1
1031,YouBike2.0_育成高中,20,4,南港區,2023-05-30 01:01:15,惠民街71號西側,16,1
1037,YouBike2.0_捷運南港展覽館站(6號出口),25,0,南港區,2023-05-29 19:27:04,南港路一段28號旁,25,1
1040,YouBike2.0_南港公園(東新街170巷),16,6,南港區,2023-05-30 00:06:14,東新街170巷63號對側,10,1
1041,YouBike2.0_中坡市民路口(東北側),19,0,南港區,2023-05-30 00:23:04,中坡北路/市民大道七段路口(東北側),18,1
1042,YouBike2.0_昆陽公園,14,4,南港區,2023-05-29 23:06:14,昆陽街173號對側,10,1
1047,YouBike2.0_玉東公園(東新街),14,4,南港區,2023-05-30 00:50:19,東新街/市民大道七段(北側),10,1
1052,YouBike2.0_南港展覽館2館,18,0,南港區,2023-05-29 22:19:04,經貿二路/南港路一段(西北側),18,1
1055,YouBike2.0_捷運昆陽站(4號出口),28,1,南港區,2023-05-30 00:26:14,忠孝東路六段465號,26,1
1056,YouBike2.0_忠孝東路六段278巷口,14,6,南港區,2023-05-30 01:12:14,忠孝東路/忠孝東路六段278巷,8,1
1057,YouBike2.0_中研院人文社會科學館,20,1,南港區,2023-05-29 22:39:14,研究院路二段128號(人文社會科學館),19,1
1058,YouBike2.0_南港路三段130巷口,12,6,南港區,2023-05-29 20:34:14,松河街380號對側,6,1
1059,YouBike2.0_南港路三段190巷口,16,5,南港區,2023-05-29 22:28:13,松河街358號對側,11,1
1061,YouBike2.0_新富公園,13,0,南港區,2023-05-29 23:24:04,富康街47巷2號對側,13,1
1062,YouBike2.0_東新街63巷口,15,2,南港區,2023-05-30 01:08:13,東新街/東新街63巷,13,1
1063,YouBike2.0_內湖機廠(港東街),15,5,南港區,2023-05-29 21:28:14,經貿一路77號(港東街),10,1
1064,YouBike2.0_黎忠區民活動中心,16,1,信義區,2023-05-29 23:24:13,和平東路三段391巷16號,13,1
1070,YouBike2.0_臺北醫學大學,55,5,信義區,2023-05-30 01:01:15,台北醫學大學(吳興街220巷59弄),50,1
1073,YouBike2.0_捷運象山站(2號出口),31,4,信義區,2023-05-30 01:06:04,信義路五段128號東側,26,1
1074,YouBike2.0_象山公園,34,0,信義區,2023-05-29 23:27:04,松仁路153巷15號東側,34,1
1076,YouBike2.0_興雅國中,18,0,信義區,2023-05-29 21:43:04,松仁路101號東側,18,1
1077,YouBike2.0_捷運象山站(1號出口),24,0,信義區,2023-05-29 23:26:04,信義路5段152號(1號出口),24,1
1078,YouBike2.0_松德路200巷,41,2,信義區,2023-05-29 23:41:14,松德路200巷53號北側,39,1
1081,YouBike2.0_信義運動中心,33,2,信義區,2023-05-30 01:08:04,松勤街100號(前),31,1
1082,YouBike2.0_捷運台北101/世貿站(3號出口),15,6,信義區,2023-05-30 01:06:14,信義路五段16號前,9,1
1084,YouBike2.0_光復信義路口東南側,16,0,信義區,2023-05-30 01:01:04,光復南路485號前方,14,1
1085,YouBike2.0_三張犁,40,5,信義區,2023-05-30 01:11:14,光復南路455號前方,35,1
1086,YouBike2.0_仁愛路四段496巷口,34,1,信義區,2023-05-29 22:29:13,仁愛路四段與仁愛路四段496巷口西南側,32,1
1087,YouBike2.0_松山工農,34,3,信義區,2023-05-30 01:05:14,忠孝東路五段236巷15號(前),30,1
1090,YouBike2.0_松山家商,25,1,信義區,2023-05-29 22:23:15,松山路655號(前),24,1
1092,YouBike2.0_臺北市政府,63,6,信義區,2023-05-30 00:30:12,台北市政府東門(松智路),57,1
1093,YouBike2.0_松智松壽路口,39,0,信義區,2023-05-29 23:33:04,松智路/松壽路(西北側),39,1
1094,YouBike2.0_市府松壽路口,28,0,信義區,2023-05-29 21:32:05,市府路/松壽路(東北側),26,1
1095,YouBike2.0_市府松高路口,54,0,信義區,2023-05-29 22:26:04,市府路/松高路(東南側),53,1
1096,YouBike2.0_市民廣場,30,0,信義區,2023-05-29 22:42:04,市府路/松壽路(西北側),30,1
1097,YouBike2.0_信義廣場(台北101),96,2,信義區,2023-05-30 01:12:04,松智路/信義路(東北側),92,1
1098,YouBike2.0_捷運台北101/世貿站(5號出口),15,0,信義區,2023-05-30 00:06:04,市府路/信義路(西北側),15,1
1100,YouBike2.0_松仁路121巷口,31,2,信義區,2023-05-30 00:30:22,松仁路123號北側,28,1
1103,YouBike2.0_松高路(信義新天地A4館),17,0,信義區,2023-05-29 21:48:04,松高路19號,17,1
1104,YouBike2.0_興雅松仁路口,65,1,信義區,2023-05-30 00:50:09,松仁路28號北側,63,1
1109,YouBike2.0_雅祥公園(松信路50巷口),12,3,信義區,2023-05-30 00:27:14,松信路61號西側,7,1
1110,YouBike2.0_松山車站,63,6,信義區,2023-05-30 01:14:13,松山路11號南側,57,1
1115,YouBike2.0_松山高中,38,6,信義區,2023-05-30 00:45:14,忠孝東路四段599巷36號對側,31,1
1117,YouBike2.0_基隆忠孝路口西南側,14,0,信義區,2023-05-29 22:45:04,忠孝東路四段550號,11,1
1118,YouBike2.0_泰和里民活動中心,18,6,信義區,2023-05-30 00:51:14,松仁路308巷60號,6,1
1119,YouBike2.0_捷運後山埤站(2號出口),22,2,信義區,2023-05-30 00:43:14,忠孝東路五段800號,20,1
1120,YouBike2.0_虎林永吉路口,15,3,信義區,2023-05-30 01:14:13,永吉路356號東側,8,1
1122,YouBike2.0_永吉路321巷口,15,5,信義區,2023-05-30 00:15:14,永吉路323號西側,5,1
1123,YouBike2.0_松山永吉路口,20,3,信義區,2023-05-30 00:36:13,松山路166號,17,1
1126,YouBike2.0_松德公園,25,3,信義區,2023-05-30 00:21:31,松德路168巷20號前,22,1
1127,YouBike2.0_世貿三館,30,1,信義區,2023-05-30 01:03:04,市府路/松壽路口東南側,27,1
1128,YouBike2.0_松德虎林街口,25,5,信義區,2023-05-30 00:03:14,松德路79號前,18,1
1131,YouBike2.0_捷運永春站(2號出口),28,3,信義區,2023-05-30 00:34:14,虎林街132巷44號西側,25,1
1132,YouBike2.0_吳興街260巷,32,2,信義區,2023-05-30 00:59:13,吳興街260巷/吳興街260巷21弄口(東南側),30,1
1134,YouBike2.0_仁愛逸仙路口,28,0,信義區,2023-05-30 00:53:04,仁愛路四段/逸仙路口(西北側),27,1
1139,YouBike2.0_協和祐德高級中學,20,0,信義區,2023-05-29 23:36:04,中坡南路51號對側,20,1
1141,YouBike2.0_松仁路95巷口,60,2,信義區,2023-05-30 01:14:13,松仁路/松仁路95巷(東南側),57,1
1142,YouBike2.0_臺北南山廣場_1,55,6,信義區,2023-05-30 01:14:04,松智路/松廉路(東北側),48,1
1143,YouBike2.0_景聯廣場,13,6,信義區,2023-05-29 23:51:15,松勤街8號對側,7,1
1144,YouBike2.0_景平公園,13,3,信義區,2023-05-29 23:43:14,松平路50巷15號對側,10,1
1145,YouBike2.0_捷運市政府站(3號出口),92,0,信義區,2023-05-30 01:05:04,忠孝東路/松仁路(東南側),92,1
1146,YouBike2.0_五分埔公園,18,2,信義區,2023-05-30 00:42:13,中坡北路57號旁,16,1
1148,YouBike2.0_吳興街394巷口,12,6,信義區,2023-05-30 00:26:04,吳興街394巷/吳興街,6,1
1149,YouBike2.0_忠孝東路五段215巷口,24,0,信義區,2023-05-30 00:15:05,忠孝東路五段/忠孝東路五段215巷,23,1
1151,YouBike2.0_松仁松平路口,10,1,信義區,2023-05-30 01:03:04,松仁路/松平路,9,1
1152,YouBike2.0_信義松德路口,18,2,信義區,2023-05-29 22:42:14,信義路五段180號前,16,1
1153,YouBike2.0_捷運市政府站(4號出口),14,0,信義區,2023-05-30 00:52:04,忠孝東路五段71巷/忠孝東路五段31巷18弄,10,1
1156,YouBike2.0_克勤新村,18,5,信義區,2023-05-30 00:39:04,信安街67巷75號對側,12,1
1157,YouBike2.0_和平東路三段291號,15,4,信義區,2023-05-30 00:48:14,和平東路三段291號前,10,1
1158,YouBike2.0_德昌寶興街口(西北角),15,3,萬華區,2023-05-30 01:12:04,寶興街186號(前),12,1
1172,YouBike2.0_艋舺大道146巷口,14,4,萬華區,2023-05-30 00:29:14,艋舺大道142號前,10,1
1174,YouBike2.0_華中疏散門,12,3,萬華區,2023-05-30 01:01:15,環河南路三段371號前,9,1
1178,YouBike2.0_西園艋舺路口,32,6,萬華區,2023-05-30 01:06:14,西園路二段與艋舺大道口西南側,26,1
1192,YouBike2.0_西本願寺廣場,65,4,萬華區,2023-05-30 01:14:13,中華路一段164號(前),61,1
1193,YouBike2.0_中華桂林路口,28,0,萬華區,2023-05-30 01:05:04,中華路一段與桂林路口西北側,28,1
1194,YouBike2.0_捷運龍山寺站(1號出口),30,0,萬華區,2023-05-30 00:32:04,和平西路三段/西園路一段(東北側),30,1
1200,YouBike2.0_捷運龍山寺站(3號出口),23,0,萬華區,2023-05-29 23:47:04,和平西路三段/和平西路三段88巷(西南側),22,1
1203,YouBike2.0_中華峨嵋街口,24,1,萬華區,2023-05-30 01:02:14,中華路一段130號(前),23,1
1204,YouBike2.0_萬華266號綠地,15,6,萬華區,2023-05-30 01:11:14,康定路81號(對面),8,1
1208,YouBike2.0_長順街60巷口,15,3,萬華區,2023-05-29 23:40:19,長順街60巷38號對側,12,1
1215,YouBike2.0_環南綜合市場,14,6,萬華區,2023-05-29 23:53:15,環河南路二段245號旁,8,1
1216,YouBike2.0_龍山國中,15,6,萬華區,2023-05-30 00:21:15,南寧路與廣州街口南側,9,1
1219,YouBike2.0_萬華國中_1,26,3,萬華區,2023-05-30 00:03:14,西藏路 / 莒光路299巷口(東南側),22,1
1221,YouBike2.0_捷運龍山寺站(1號出口)_1,36,0,萬華區,2023-05-30 00:26:04,和平西路三段/和平西路三段109巷(西北側),36,1
1222,YouBike2.0_莒光社會住宅,30,5,萬華區,2023-05-30 00:57:13,萬大路與興寧街66巷22弄口西北側,24,1
1229,YouBike2.0_臺大水源修齊會館,18,1,臺大專區,2023-05-30 01:10:19,思源街16號之1旁,14,1
1230,YouBike2.0_臺大檔案展示館,10,0,臺大專區,2023-05-29 18:48:04,臺大檔案展示館東北側,9,1
1233,YouBike2.0_臺大禮賢樓東南側,23,0,臺大專區,2023-05-29 23:24:04,臺大仰萃樓東南側,22,1
1234,YouBike2.0_臺大農業陳列館北側,45,1,臺大專區,2023-05-30 00:48:04,農業陳列館北側,43,1
1235,YouBike2.0_臺大管理學院二館北側,40,0,臺大專區,2023-05-29 21:34:04,管理學院二號館北側,40,1
1236,YouBike2.0_臺大土木系館,30,0,臺大專區,2023-05-29 23:07:04,臺大土木工程學系所南側,30,1
1238,YouBike2.0_臺大女九舍西南側,62,0,臺大專區,2023-05-29 22:57:04,臺大女九舍西南側,62,1
1240,YouBike2.0_臺大立體機車停車場,27,1,臺大專區,2023-05-30 00:41:04,基隆路三段/基隆路三段156巷口北側,26,1
1241,YouBike2.0_臺大工綜館南側,26,2,臺大專區,2023-05-30 01:14:13,臺大工學院東南側,22,1
1242,YouBike2.0_臺大天文數學館南側,19,1,臺大專區,2023-05-29 23:04:15,臺大天文數學館西南側,16,1
1243,YouBike2.0_臺大心理系館南側,30,0,臺大專區,2023-05-30 00:08:04,臺大心理學系南側,29,1
1245,YouBike2.0_臺大農化新館西側,10,0,臺大專區,2023-05-29 23:40:09,臺大生化科技學系西側,10,1
1246,YouBike2.0_臺大五號館西側,20,0,臺大專區,2023-05-30 01:12:04,臺大生物系館西側,19,1
1247,YouBike2.0_臺大舊體育館西側,33,0,臺大專區,2023-05-29 21:48:04,臺大田徑場東側,32,1
1248,YouBike2.0_臺大共同教室北側,20,0,臺大專區,2023-05-29 22:05:05,臺大共同教學館東北側,19,1
1249,YouBike2.0_臺大共同教室東南側,12,0,臺大專區,2023-05-29 21:16:04,臺大共同教學館東南側,12,1
1250,YouBike2.0_臺大鹿鳴堂東側,27,0,臺大專區,2023-05-29 20:29:04,臺大鹿鳴廣場人行道側,27,1
1251,YouBike2.0_臺大公館停車場西北側,12,0,臺大專區,2023-05-29 23:11:04,臺大公館停車場西北側,12,1
1252,YouBike2.0_臺大第二行政大樓南側,27,0,臺大專區,2023-05-29 20:52:04,臺大行政大樓西側,27,1
1253,YouBike2.0_臺大明達館機車停車場,28,0,臺大專區,2023-05-30 00:10:10,臺大明達館西側,28,1
1254,YouBike2.0_臺大二號館,10,1,臺大專區,2023-05-29 23:24:13,臺大物理文物廳北側,9,1
1255,YouBike2.0_臺大凝態館南側,20,0,臺大專區,2023-05-29 23:45:04,臺大物理系館南側,20,1
1258,YouBike2.0_臺大思亮館東南側,10,0,臺大專區,2023-05-29 22:09:04,臺大思亮館東南側,10,1
1259,YouBike2.0_臺大椰林小舖,48,1,臺大專區,2023-05-30 00:24:14,臺大椰林小舖旁,47,1
1260,YouBike2.0_臺大計資中心南側,34,0,臺大專區,2023-05-29 22:05:05,臺大計算機網路資訊中心南側,34,1
1261,YouBike2.0_臺大原分所北側,12,0,臺大專區,2023-05-29 22:30:23,臺大原子與分子科學研究所東北側,11,1
1262,YouBike2.0_臺大生命科學館西北側,30,0,臺大專區,2023-05-29 21:50:08,臺大動物博物館西側,30,1
1264,YouBike2.0_臺大博理館西側,22,0,臺大專區,2023-05-29 23:39:04,臺大博理館西側,22,1
1265,YouBike2.0_臺大博雅館西側,56,0,臺大專區,2023-05-29 23:19:04,臺大博雅館西側,56,1
1266,YouBike2.0_臺大森林館北側,10,0,臺大專區,2023-05-29 20:30:27,臺大森林系學系北側,10,1
1267,YouBike2.0_臺大一號館,19,0,臺大專區,2023-05-29 22:50:09,臺大植物魚類標本館一號館北側,18,1
1268,YouBike2.0_臺大小小福西南側,10,0,臺大專區,2023-05-29 18:45:05,臺大進修教育大樓,10,1
1269,YouBike2.0_臺大教研館北側,11,0,臺大專區,2023-05-29 21:51:05,臺大雅頌廣場東南側,11,1
1270,YouBike2.0_臺大四號館東北側,10,0,臺大專區,2023-05-29 18:13:04,臺大園藝暨景觀學系北側,10,1
1271,YouBike2.0_臺大新生教室南側,18,0,臺大專區,2023-05-29 23:51:04,臺大新生教學館南側,18,1
1272,YouBike2.0_臺大鄭江樓北側,10,0,臺大專區,2023-05-29 22:36:04,臺大新聞研究所南側,10,1
1273,YouBike2.0_臺大電機二館東南側,14,0,臺大專區,2023-05-29 23:03:04,臺大電機二館南側,14,1
1274,YouBike2.0_臺大圖資系館北側,25,0,臺大專區,2023-05-29 20:07:04,臺大圖書資訊館北側,25,1
1275,YouBike2.0_臺大總圖書館西南側,30,0,臺大專區,2023-05-29 21:33:04,臺大圖書館西南側,30,1
1276,YouBike2.0_臺大黑森林西側,20,0,臺大專區,2023-05-30 01:03:04,臺大霖澤館南側,20,1
1277,YouBike2.0_臺大獸醫館南側,24,1,臺大專區,2023-05-30 00:50:19,臺大獸醫系館南側,21,1
1279,YouBike2.0_臺大明達館北側(員工宿舍),18,0,臺大公館校區,2023-05-29 22:55:11,明達館北側前空地,18,1
